factor_id,name,family,expression,rationale,decision,ic_mean,ic_std,t_ic,icir,sharpe,sortino,ann_return,max_dd,calmar,monotonicity,coverage_days
f_0002,Liquidity anomaly,turnover,cs_zscore(relative_turnover),Cross-sectional turnover tails flag names with unusual liquidity demand or neglect.,promote,0.047796414112203575,0.23766360333160624,4.586002737874742,0.20110952389085174,3.0238904991156854,5.343600225358038,0.3550754227458732,-0.06064565310129688,5.854919595849485,0.8181818181818182,520
f_0004,Friction-adjusted flow shock,liquidity,cs_zscore(volume_growth_1 / (spread_proxy + 1e-4)),A flow shock net of trading frictions prioritizes signals that can survive execution costs.,hold,0.01872758820127241,0.2343083804771994,1.8226181918870978,0.07992709506647286,1.4927314469513482,2.6955615164474525,0.1551710946046576,-0.08807632000381427,1.7617799494567632,0.4424242424242424,520
