factor_id,name,family,expression,rationale,decision,ic_mean,ic_std,t_ic,icir,sharpe,sortino,ann_return,max_dd,calmar,monotonicity,coverage_days
f_0002,Liquidity anomaly,turnover,cs_zscore(relative_turnover),Cross-sectional turnover tails flag names with unusual liquidity demand or neglect.,promote,0.042266380236305044,0.22686505160933185,4.182565257226998,0.18630626417104107,2.9878631966269165,5.423448665017337,0.3168515337423874,-0.049977976474456454,6.339823180002675,0.8666666666666665,504
f_0004,Friction-adjusted flow shock,liquidity,cs_zscore(volume_growth_1 / (spread_proxy + 1e-4)),A flow shock net of trading frictions prioritizes signals that can survive execution costs.,promote,0.02573963644744044,0.22020135051152234,2.6706543427971474,0.11689136505134003,1.835095394998992,3.1963774716591438,0.18701780646195165,-0.04397000630463155,4.253304062916459,0.5393939393939393,522
